thumbnail,manifest_title,map_title,modified,allmaps_link,slv_link
"{""img_src"": ""https://rosetta.slv.vic.gov.au/iiif/2/IE7326066:FL21465621.jpg/full/!100,100/0/default.jpg""}","Melbourne and Metropolitan Board of Works detail plan. no. 1943, Northcote & Fitzroy",Map 1,2025-11-02T02:05:32.335Z,"{""href"": ""https://viewer.allmaps.org/?url=https://annotations.allmaps.org/maps/240fa05786a5a712"", ""label"": ""View in the AllMaps viewer""}","{""href"": ""https://viewer.slv.vic.gov.au/?entity=IE7326066&file=FL21465621&mode=browse"", ""label"": ""View in the SLV viewer""}"
"{""img_src"": ""https://rosetta.slv.vic.gov.au/iiif/2/IE7319593:FL21465555.jpg/full/!100,100/0/default.jpg""}","Melbourne and Metropolitan Board of Works detail plan. no. 1941, Brunswick, Fitzroy & Northcote",Map 1,2025-11-02T02:00:14.717Z,"{""href"": ""https://viewer.allmaps.org/?url=https://annotations.allmaps.org/maps/9b555c32807e336b"", ""label"": ""View in the AllMaps viewer""}","{""href"": ""https://viewer.slv.vic.gov.au/?entity=IE7319593&file=FL21465555&mode=browse"", ""label"": ""View in the SLV viewer""}"
"{""img_src"": ""https://rosetta.slv.vic.gov.au/iiif/2/IE7330572:FL21465479.jpg/full/!100,100/0/default.jpg""}","Melbourne and Metropolitan Board of Works detail plan. no. 1939, Brunswick and Northcote",Map 1,2025-11-02T01:50:42.148Z,"{""href"": ""https://viewer.allmaps.org/?url=https://annotations.allmaps.org/maps/6b602e4ececb1df7"", ""label"": ""View in the AllMaps viewer""}","{""href"": ""https://viewer.slv.vic.gov.au/?entity=IE7330572&file=FL21465479&mode=browse"", ""label"": ""View in the SLV viewer""}"
"{""img_src"": ""https://rosetta.slv.vic.gov.au/iiif/2/IE7331310:FL21465407.jpg/full/!100,100/0/default.jpg""}","Melbourne and Metropolitan Board of Works detail plan. no. 1937, Town of Brunswick",Map 1,2025-11-02T01:45:13.337Z,"{""href"": ""https://viewer.allmaps.org/?url=https://annotations.allmaps.org/maps/50624008d4acea9d"", ""label"": ""View in the AllMaps viewer""}","{""href"": ""https://viewer.slv.vic.gov.au/?entity=IE7331310&file=FL21465407&mode=browse"", ""label"": ""View in the SLV viewer""}"
"{""img_src"": ""https://rosetta.slv.vic.gov.au/iiif/2/IE7330842:FL21465444.jpg/full/!100,100/0/default.jpg""}","Melbourne and Metropolitan Board of Works detail plan. no. 1938, Brunswick and Northcote",Map 1,2025-11-02T01:39:03.170Z,"{""href"": ""https://viewer.allmaps.org/?url=https://annotations.allmaps.org/maps/a1bed08938f05dee"", ""label"": ""View in the AllMaps viewer""}","{""href"": ""https://viewer.slv.vic.gov.au/?entity=IE7330842&file=FL21465444&mode=browse"", ""label"": ""View in the SLV viewer""}"
"{""img_src"": ""https://rosetta.slv.vic.gov.au/iiif/2/IE7324545:FL21467147.jpg/full/!100,100/0/default.jpg""}","Melbourne and Metropolitan Board of Works detail plan. no. 2071, City of Brunswick",Map 1,2025-11-02T01:29:13.088Z,"{""href"": ""https://viewer.allmaps.org/?url=https://annotations.allmaps.org/maps/41b21af690d5615c"", ""label"": ""View in the AllMaps viewer""}","{""href"": ""https://viewer.slv.vic.gov.au/?entity=IE7324545&file=FL21467147&mode=browse"", ""label"": ""View in the SLV viewer""}"
"{""img_src"": ""https://rosetta.slv.vic.gov.au/iiif/2/IE22958464:FL22960322.jpg/full/!100,100/0/default.jpg""}","Melbourne and Metropolitan Board of Works. Yarra 2500 [base map] 08-06, Parishes of Prahran 3416 and Melbourne South 3084, Municipalities of Caulfield 222 and St. kilda 210",bw6231,2025-11-02T01:27:01.577Z,"{""href"": ""https://viewer.allmaps.org/?url=https://annotations.allmaps.org/maps/15367026ca48c2ae"", ""label"": ""View in the AllMaps viewer""}","{""href"": ""https://viewer.slv.vic.gov.au/?entity=IE22958464&file=FL22960322&mode=browse"", ""label"": ""View in the SLV viewer""}"
"{""img_src"": ""https://rosetta.slv.vic.gov.au/iiif/2/IE1437576:FL20898691.jpg/full/!100,100/0/default.jpg""}","Plan of the town and suburbs of Sydney, August, 1822",Image H24501,2025-11-02T01:21:45.922Z,"{""href"": ""https://viewer.allmaps.org/?url=https://annotations.allmaps.org/maps/aeed2b7d36a637ae"", ""label"": ""View in the AllMaps viewer""}","{""href"": ""https://viewer.slv.vic.gov.au/?entity=IE1437576&file=FL20898691&mode=browse"", ""label"": ""View in the SLV viewer""}"
"{""img_src"": ""https://rosetta.slv.vic.gov.au/iiif/2/IE15497505:FL21304244.jpg/full/!100,100/0/default.jpg""}",Municipality of Coburg,Map 1,2025-11-02T01:18:59.218Z,"{""href"": ""https://viewer.allmaps.org/?url=https://annotations.allmaps.org/maps/b833e27e22e8da99"", ""label"": ""View in the AllMaps viewer""}","{""href"": ""https://viewer.slv.vic.gov.au/?entity=IE15497505&file=FL21304244&mode=browse"", ""label"": ""View in the SLV viewer""}"
"{""img_src"": ""https://rosetta.slv.vic.gov.au/iiif/2/IE7334602:FL21467173.jpg/full/!100,100/0/default.jpg""}","Melbourne and Metropolitan Board of Works detail plan. no. 2072, Brunswick and Northcote",Map 1,2025-11-02T01:05:57.026Z,"{""href"": ""https://viewer.allmaps.org/?url=https://annotations.allmaps.org/maps/8a9b4aae0fb6c6f3"", ""label"": ""View in the AllMaps viewer""}","{""href"": ""https://viewer.slv.vic.gov.au/?entity=IE7334602&file=FL21467173&mode=browse"", ""label"": ""View in the SLV viewer""}"
"{""img_src"": ""https://rosetta.slv.vic.gov.au/iiif/2/IE7332075:FL21467215.jpg/full/!100,100/0/default.jpg""}","Melbourne and Metropolitan Board of Works detail plan. no. 2073, Brunswick and Northcote",Map 1,2025-11-02T00:49:27.006Z,"{""href"": ""https://viewer.allmaps.org/?url=https://annotations.allmaps.org/maps/4bd8e2ce46ed7afd"", ""label"": ""View in the AllMaps viewer""}","{""href"": ""https://viewer.slv.vic.gov.au/?entity=IE7332075&file=FL21467215&mode=browse"", ""label"": ""View in the SLV viewer""}"
"{""img_src"": ""https://rosetta.slv.vic.gov.au/iiif/2/IE7331774:FL21466710.jpg/full/!100,100/0/default.jpg""}","Melbourne and Metropolitan Board of Works detail plan. no. 2286, Brunswick and Northcote",Map 1,2025-11-02T00:32:24.922Z,"{""href"": ""https://viewer.allmaps.org/?url=https://annotations.allmaps.org/maps/c41afe7f94ca1af5"", ""label"": ""View in the AllMaps viewer""}","{""href"": ""https://viewer.slv.vic.gov.au/?entity=IE7331774&file=FL21466710&mode=browse"", ""label"": ""View in the SLV viewer""}"
"{""img_src"": ""https://rosetta.slv.vic.gov.au/iiif/2/IE7331873:FL21466809.jpg/full/!100,100/0/default.jpg""}","Melbourne and Metropolitan Board of Works detail plan. no. 2288, Brunswick and Northcote",Map 1,2025-11-02T00:21:33.642Z,"{""href"": ""https://viewer.allmaps.org/?url=https://annotations.allmaps.org/maps/a71974d5fde25a69"", ""label"": ""View in the AllMaps viewer""}","{""href"": ""https://viewer.slv.vic.gov.au/?entity=IE7331873&file=FL21466809&mode=browse"", ""label"": ""View in the SLV viewer""}"
"{""img_src"": ""https://rosetta.slv.vic.gov.au/iiif/2/IE7321791:FL21465111.jpg/full/!100,100/0/default.jpg""}","Melbourne and Metropolitan Board of Works detail plan. no. 2350, Borough of Coburg",Map 1,2025-11-01T05:33:34.115Z,"{""href"": ""https://viewer.allmaps.org/?url=https://annotations.allmaps.org/maps/350cdaf2a193ae72"", ""label"": ""View in the AllMaps viewer""}","{""href"": ""https://viewer.slv.vic.gov.au/?entity=IE7321791&file=FL21465111&mode=browse"", ""label"": ""View in the SLV viewer""}"
"{""img_src"": ""https://rosetta.slv.vic.gov.au/iiif/2/IE7331476:FL21465081.jpg/full/!100,100/0/default.jpg""}","Melbourne and Metropolitan Board of Works detail plan. no. 2349, Municipality of Coburg",Map 1,2025-11-01T05:22:44.684Z,"{""href"": ""https://viewer.allmaps.org/?url=https://annotations.allmaps.org/maps/ba8e7b7bc030f84c"", ""label"": ""View in the AllMaps viewer""}","{""href"": ""https://viewer.slv.vic.gov.au/?entity=IE7331476&file=FL21465081&mode=browse"", ""label"": ""View in the SLV viewer""}"
"{""img_src"": ""https://rosetta.slv.vic.gov.au/iiif/2/IE7335526:FL21468051.jpg/full/!100,100/0/default.jpg""}","Melbourne and Metropolitan Board of Works detail plan. no. 2533, Municipality of Coburg",Map 1,2025-11-01T05:13:55.708Z,"{""href"": ""https://viewer.allmaps.org/?url=https://annotations.allmaps.org/maps/7c8faf74b290bbcc"", ""label"": ""View in the AllMaps viewer""}","{""href"": ""https://viewer.slv.vic.gov.au/?entity=IE7335526&file=FL21468051&mode=browse"", ""label"": ""View in the SLV viewer""}"
"{""img_src"": ""https://rosetta.slv.vic.gov.au/iiif/2/IE7319611:FL21468141.jpg/full/!100,100/0/default.jpg""}","Melbourne and Metropolitan Board of Works detail plan. no. 2429, Coburg, Northcote and Preston",Map 1,2025-11-01T05:00:40.847Z,"{""href"": ""https://viewer.allmaps.org/?url=https://annotations.allmaps.org/maps/8f9f9d7070829dae"", ""label"": ""View in the AllMaps viewer""}","{""href"": ""https://viewer.slv.vic.gov.au/?entity=IE7319611&file=FL21468141&mode=browse"", ""label"": ""View in the SLV viewer""}"
"{""img_src"": ""https://rosetta.slv.vic.gov.au/iiif/2/IE7333461:FL21468053.jpg/full/!100,100/0/default.jpg""}","Melbourne and Metropolitan Board of Works detail plan. no. 2427, Northcote",Map 1,2025-11-01T04:49:02.981Z,"{""href"": ""https://viewer.allmaps.org/?url=https://annotations.allmaps.org/maps/8038d8b85bfc5a75"", ""label"": ""View in the AllMaps viewer""}","{""href"": ""https://viewer.slv.vic.gov.au/?entity=IE7333461&file=FL21468053&mode=browse"", ""label"": ""View in the SLV viewer""}"
"{""img_src"": ""https://rosetta.slv.vic.gov.au/iiif/2/IE7332859:FL21466769.jpg/full/!100,100/0/default.jpg""}","Melbourne and Metropolitan Board of Works detail plan. no. 2287, City of Brunswick",Map 1,2025-11-01T04:38:37.584Z,"{""href"": ""https://viewer.allmaps.org/?url=https://annotations.allmaps.org/maps/eb2399e735f1508e"", ""label"": ""View in the AllMaps viewer""}","{""href"": ""https://viewer.slv.vic.gov.au/?entity=IE7332859&file=FL21466769&mode=browse"", ""label"": ""View in the SLV viewer""}"
"{""img_src"": ""https://rosetta.slv.vic.gov.au/iiif/2/IE7332738:FL21464611.jpg/full/!100,100/0/default.jpg""}","Melbourne and Metropolitan Board of Works detail plan. no. 2336, Municipality of Coburg",Map 1,2025-11-01T04:26:24.924Z,"{""href"": ""https://viewer.allmaps.org/?url=https://annotations.allmaps.org/maps/44f8db4d9d46932f"", ""label"": ""View in the AllMaps viewer""}","{""href"": ""https://viewer.slv.vic.gov.au/?entity=IE7332738&file=FL21464611&mode=browse"", ""label"": ""View in the SLV viewer""}"
"{""img_src"": ""https://rosetta.slv.vic.gov.au/iiif/2/IE7323739:FL21464649.jpg/full/!100,100/0/default.jpg""}","Melbourne and Metropolitan Board of Works detail plan. no. 2337, Municipality of Coburg",Map 1,2025-11-01T04:18:18.986Z,"{""href"": ""https://viewer.allmaps.org/?url=https://annotations.allmaps.org/maps/9b6672b8ae99ae1d"", ""label"": ""View in the AllMaps viewer""}","{""href"": ""https://viewer.slv.vic.gov.au/?entity=IE7323739&file=FL21464649&mode=browse"", ""label"": ""View in the SLV viewer""}"
"{""img_src"": ""https://rosetta.slv.vic.gov.au/iiif/2/IE7332634:FL21464689.jpg/full/!100,100/0/default.jpg""}","Melbourne and Metropolitan Board of Works detail plan. no. 2338, Municipality of Coburg",Map 1,2025-11-01T04:11:45.275Z,"{""href"": ""https://viewer.allmaps.org/?url=https://annotations.allmaps.org/maps/6e9c6ffdac48c970"", ""label"": ""View in the AllMaps viewer""}","{""href"": ""https://viewer.slv.vic.gov.au/?entity=IE7332634&file=FL21464689&mode=browse"", ""label"": ""View in the SLV viewer""}"
"{""img_src"": ""https://rosetta.slv.vic.gov.au/iiif/2/IE7323667:FL21464881.jpg/full/!100,100/0/default.jpg""}","Melbourne and Metropolitan Board of Works detail plan. no. 2344, Borough of Coburg",Map 1,2025-11-01T04:05:54.048Z,"{""href"": ""https://viewer.allmaps.org/?url=https://annotations.allmaps.org/maps/f061de8a57ee459b"", ""label"": ""View in the AllMaps viewer""}","{""href"": ""https://viewer.slv.vic.gov.au/?entity=IE7323667&file=FL21464881&mode=browse"", ""label"": ""View in the SLV viewer""}"
"{""img_src"": ""https://rosetta.slv.vic.gov.au/iiif/2/IE15503925:FL21304156.jpg/full/!100,100/0/default.jpg""}",1956 map of Victoria showing state electoral provinces / 1956 map of Victoria showing state electoral provinces,Map 1,2025-10-31T18:58:43.819Z,"{""href"": ""https://viewer.allmaps.org/?url=https://annotations.allmaps.org/maps/8c4a99fcc8ba9c74"", ""label"": ""View in the AllMaps viewer""}","{""href"": ""https://viewer.slv.vic.gov.au/?entity=IE15503925&file=FL21304156&mode=browse"", ""label"": ""View in the SLV viewer""}"
"{""img_src"": ""https://rosetta.slv.vic.gov.au/iiif/2/IE15504574:FL21305822.jpg/full/!100,100/0/default.jpg""}",Melbourne Harbour Trust : works of improvement recommended by Sir John Coode in his report of 17th. Feb. 1879. Melbourne Harbour Trust works of improvement recommended by Sir John Coode in his report of 17th. Feb. 1879.,Map 2,2025-10-31T18:51:40.754Z,"{""href"": ""https://viewer.allmaps.org/?url=https://annotations.allmaps.org/maps/b9f5f45f393a7c4c"", ""label"": ""View in the AllMaps viewer""}","{""href"": ""https://viewer.slv.vic.gov.au/?entity=IE15504574&file=FL21305822&mode=browse"", ""label"": ""View in the SLV viewer""}"
"{""img_src"": ""https://rosetta.slv.vic.gov.au/iiif/2/IE22950521:FL22951480.jpg/full/!100,100/0/default.jpg""}","Melbourne and Metropolitan Board of Works. Yarra 2500 [base map] 06-18, Parish of Jika Jika 2796, Municipality of Coburg 217",bw6182,2025-10-31T09:27:07.183Z,"{""href"": ""https://viewer.allmaps.org/?url=https://annotations.allmaps.org/maps/b444a29c4d245a32"", ""label"": ""View in the AllMaps viewer""}","{""href"": ""https://viewer.slv.vic.gov.au/?entity=IE22950521&file=FL22951480&mode=browse"", ""label"": ""View in the SLV viewer""}"
"{""img_src"": ""https://rosetta.slv.vic.gov.au/iiif/2/IE15489130:FL21305760.jpg/full/!100,100/0/default.jpg""}",[Map of North Coburg] [Map of North Coburg],Map 1,2025-10-31T09:20:50.241Z,"{""href"": ""https://viewer.allmaps.org/?url=https://annotations.allmaps.org/maps/9c193cdab9e7e3ad"", ""label"": ""View in the AllMaps viewer""}","{""href"": ""https://viewer.slv.vic.gov.au/?entity=IE15489130&file=FL21305760&mode=browse"", ""label"": ""View in the SLV viewer""}"
"{""img_src"": ""https://rosetta.slv.vic.gov.au/iiif/2/IE22790251:FL22797369.jpg/full/!100,100/0/default.jpg""}",Urban Strathfieldsaye / Urban Strathfieldsaye.,vc300551,2025-10-31T08:24:06.448Z,"{""href"": ""https://viewer.allmaps.org/?url=https://annotations.allmaps.org/maps/9f7362253bad518c"", ""label"": ""View in the AllMaps viewer""}","{""href"": ""https://viewer.slv.vic.gov.au/?entity=IE22790251&file=FL22797369&mode=browse"", ""label"": ""View in the SLV viewer""}"
"{""img_src"": ""https://rosetta.slv.vic.gov.au/iiif/2/IE22753660:FL22754132.jpg/full/!100,100/0/default.jpg""}",Shire of Strathfieldsaye /,vc300549,2025-10-31T07:57:17.719Z,"{""href"": ""https://viewer.allmaps.org/?url=https://annotations.allmaps.org/maps/5b45b0938cb75d50"", ""label"": ""View in the AllMaps viewer""}","{""href"": ""https://viewer.slv.vic.gov.au/?entity=IE22753660&file=FL22754132&mode=browse"", ""label"": ""View in the SLV viewer""}"
"{""img_src"": ""https://rosetta.slv.vic.gov.au/iiif/2/IE7333524:FL21464921.jpg/full/!100,100/0/default.jpg""}","Melbourne and Metropolitan Board of Works detail plan. no. 2345, Coburg",Map 1,2025-10-31T07:53:58.929Z,"{""href"": ""https://viewer.allmaps.org/?url=https://annotations.allmaps.org/maps/7606341ea88f9b8c"", ""label"": ""View in the AllMaps viewer""}","{""href"": ""https://viewer.slv.vic.gov.au/?entity=IE7333524&file=FL21464921&mode=browse"", ""label"": ""View in the SLV viewer""}"
"{""img_src"": ""https://rosetta.slv.vic.gov.au/iiif/2/IE7319651:FL21464963.jpg/full/!100,100/0/default.jpg""}","Melbourne and Metropolitan Board of Works detail plan. no. 2346, Municipality of Coburg",Map 1,2025-10-31T07:48:09.508Z,"{""href"": ""https://viewer.allmaps.org/?url=https://annotations.allmaps.org/maps/3001ebdb70443159"", ""label"": ""View in the AllMaps viewer""}","{""href"": ""https://viewer.slv.vic.gov.au/?entity=IE7319651&file=FL21464963&mode=browse"", ""label"": ""View in the SLV viewer""}"
"{""img_src"": ""https://rosetta.slv.vic.gov.au/iiif/2/IE7332068:FL21465147.jpg/full/!100,100/0/default.jpg""}","Melbourne and Metropolitan Board of Works detail plan. no. 2351, Municipality of Coburg",Map 1,2025-10-31T07:39:16.923Z,"{""href"": ""https://viewer.allmaps.org/?url=https://annotations.allmaps.org/maps/d4e3ea78041e19b9"", ""label"": ""View in the AllMaps viewer""}","{""href"": ""https://viewer.slv.vic.gov.au/?entity=IE7332068&file=FL21465147&mode=browse"", ""label"": ""View in the SLV viewer""}"
"{""img_src"": ""https://rosetta.slv.vic.gov.au/iiif/2/IE7322810:FL21465003.jpg/full/!100,100/0/default.jpg""}","Melbourne and Metropolitan Board of Works detail plan. no. 2347, Municipality of Coburg",Map 1,2025-10-31T07:22:47.964Z,"{""href"": ""https://viewer.allmaps.org/?url=https://annotations.allmaps.org/maps/47bf3ef9941843c3"", ""label"": ""View in the AllMaps viewer""}","{""href"": ""https://viewer.slv.vic.gov.au/?entity=IE7322810&file=FL21465003&mode=browse"", ""label"": ""View in the SLV viewer""}"
"{""img_src"": ""https://rosetta.slv.vic.gov.au/iiif/2/IE7322986:FL21465041.jpg/full/!100,100/0/default.jpg""}","Melbourne and Metropolitan Board of Works detail plan. no. 2348, Borough of Coburg",Map 1,2025-10-31T07:07:20.305Z,"{""href"": ""https://viewer.allmaps.org/?url=https://annotations.allmaps.org/maps/2922343d89be830f"", ""label"": ""View in the AllMaps viewer""}","{""href"": ""https://viewer.slv.vic.gov.au/?entity=IE7322986&file=FL21465041&mode=browse"", ""label"": ""View in the SLV viewer""}"
"{""img_src"": ""https://rosetta.slv.vic.gov.au/iiif/2/IE9649609:FL21651552.jpg/full/!100,100/0/default.jpg""}","Clarendon, County of Grant /",Map 2,2025-10-31T06:18:40.186Z,"{""href"": ""https://viewer.allmaps.org/?url=https://annotations.allmaps.org/maps/4161f0b4fce0fabc"", ""label"": ""View in the AllMaps viewer""}","{""href"": ""https://viewer.slv.vic.gov.au/?entity=IE9649609&file=FL21651552&mode=browse"", ""label"": ""View in the SLV viewer""}"
"{""img_src"": ""https://rosetta.slv.vic.gov.au/iiif/2/IE23155282:FL23156574.jpg/full/!100,100/0/default.jpg""}",Settled portions [except S E District] of South Australia.,ma000970,2025-10-31T00:48:54.709Z,"{""href"": ""https://viewer.allmaps.org/?url=https://annotations.allmaps.org/maps/c96f1eff767a40a8"", ""label"": ""View in the AllMaps viewer""}","{""href"": ""https://viewer.slv.vic.gov.au/?entity=IE23155282&file=FL23156574&mode=browse"", ""label"": ""View in the SLV viewer""}"
"{""img_src"": ""https://rosetta.slv.vic.gov.au/iiif/2/IE7320716:FL20709410.jpg/full/!100,100/0/default.jpg""}","Melbourne and Metropolitan Board of Works detail plan. no. 1355, Municipality of St. Kilda",Map 1,2025-10-30T23:42:04.095Z,"{""href"": ""https://viewer.allmaps.org/?url=https://annotations.allmaps.org/maps/06ae695f7aa3bcbe"", ""label"": ""View in the AllMaps viewer""}","{""href"": ""https://viewer.slv.vic.gov.au/?entity=IE7320716&file=FL20709410&mode=browse"", ""label"": ""View in the SLV viewer""}"
"{""img_src"": ""https://rosetta.slv.vic.gov.au/iiif/2/IE7327861:FL20709097.jpg/full/!100,100/0/default.jpg""}","Melbourne and Metropolitan Board of Works detail plan. no. 1364, City of St. Kilda",Map 1,2025-10-30T23:35:35.105Z,"{""href"": ""https://viewer.allmaps.org/?url=https://annotations.allmaps.org/maps/5aeb495679c228e4"", ""label"": ""View in the AllMaps viewer""}","{""href"": ""https://viewer.slv.vic.gov.au/?entity=IE7327861&file=FL20709097&mode=browse"", ""label"": ""View in the SLV viewer""}"
"{""img_src"": ""https://rosetta.slv.vic.gov.au/iiif/2/IE7320496:FL20709086.jpg/full/!100,100/0/default.jpg""}","Melbourne and Metropolitan Board of Works detail plan. no. 1365, Municipality of St. Kilda",Map 1,2025-10-30T23:30:52.942Z,"{""href"": ""https://viewer.allmaps.org/?url=https://annotations.allmaps.org/maps/d2ad053056fff8d9"", ""label"": ""View in the AllMaps viewer""}","{""href"": ""https://viewer.slv.vic.gov.au/?entity=IE7320496&file=FL20709086&mode=browse"", ""label"": ""View in the SLV viewer""}"
"{""img_src"": ""https://rosetta.slv.vic.gov.au/iiif/2/IE7321261:FL20708723.jpg/full/!100,100/0/default.jpg""}","Melbourne and Metropolitan Board of Works detail plan. no. 1421, St. Kilda",Map 1,2025-10-30T22:50:23.413Z,"{""href"": ""https://viewer.allmaps.org/?url=https://annotations.allmaps.org/maps/f63ca2ed2e3f2f72"", ""label"": ""View in the AllMaps viewer""}","{""href"": ""https://viewer.slv.vic.gov.au/?entity=IE7321261&file=FL20708723&mode=browse"", ""label"": ""View in the SLV viewer""}"
"{""img_src"": ""https://rosetta.slv.vic.gov.au/iiif/2/IE7328557:FL20709316.jpg/full/!100,100/0/default.jpg""}","Melbourne and Metropolitan Board of Works detail plan. no. 1426, St. Kilda",Map 1,2025-10-30T22:44:27.736Z,"{""href"": ""https://viewer.allmaps.org/?url=https://annotations.allmaps.org/maps/96c02c5d7110fd0f"", ""label"": ""View in the AllMaps viewer""}","{""href"": ""https://viewer.slv.vic.gov.au/?entity=IE7328557&file=FL20709316&mode=browse"", ""label"": ""View in the SLV viewer""}"
"{""img_src"": ""https://rosetta.slv.vic.gov.au/iiif/2/IE7321521:FL21467483.jpg/full/!100,100/0/default.jpg""}","Melbourne and Metropolitan Board of Works plan, scale 400 feet to 1 inch. no. 84, St.Kilda & Brighton",Map 1,2025-10-30T22:03:33.739Z,"{""href"": ""https://viewer.allmaps.org/?url=https://annotations.allmaps.org/maps/4358ceee2e7dc966"", ""label"": ""View in the AllMaps viewer""}","{""href"": ""https://viewer.slv.vic.gov.au/?entity=IE7321521&file=FL21467483&mode=browse"", ""label"": ""View in the SLV viewer""}"
"{""img_src"": ""https://rosetta.slv.vic.gov.au/iiif/2/IE22790244:FL22797365.jpg/full/!100,100/0/default.jpg""}",Urban Strathfieldsaye / Urban Strathfieldsaye.,vc300550,2025-10-30T20:35:43.931Z,"{""href"": ""https://viewer.allmaps.org/?url=https://annotations.allmaps.org/maps/d0344ba4ca5b1567"", ""label"": ""View in the AllMaps viewer""}","{""href"": ""https://viewer.slv.vic.gov.au/?entity=IE22790244&file=FL22797365&mode=browse"", ""label"": ""View in the SLV viewer""}"
"{""img_src"": ""https://rosetta.slv.vic.gov.au/iiif/2/IE7035218:FL21353249.jpg/full/!100,100/0/default.jpg""}","Clarendon, County of Grant",Map 1,2025-10-30T10:42:53.689Z,"{""href"": ""https://viewer.allmaps.org/?url=https://annotations.allmaps.org/maps/93d4c0af79a667c8"", ""label"": ""View in the AllMaps viewer""}","{""href"": ""https://viewer.slv.vic.gov.au/?entity=IE7035218&file=FL21353249&mode=browse"", ""label"": ""View in the SLV viewer""}"
"{""img_src"": ""https://rosetta.slv.vic.gov.au/iiif/2/IE7029926:FL21352573.jpg/full/!100,100/0/default.jpg""}","Plan of allotments, Parish of Sandhurst, County of Bendigo",Map 1,2025-10-30T10:27:43.788Z,"{""href"": ""https://viewer.allmaps.org/?url=https://annotations.allmaps.org/maps/c5ad24a55c7fbc35"", ""label"": ""View in the AllMaps viewer""}","{""href"": ""https://viewer.slv.vic.gov.au/?entity=IE7029926&file=FL21352573&mode=browse"", ""label"": ""View in the SLV viewer""}"
"{""img_src"": ""https://rosetta.slv.vic.gov.au/iiif/2/IE7035695:FL21355713.jpg/full/!100,100/0/default.jpg""}","Town of Clarendon, Parish of Clarendon, County of Grant",Map 1,2025-10-30T10:14:06.218Z,"{""href"": ""https://viewer.allmaps.org/?url=https://annotations.allmaps.org/maps/a46c2e3cae6c9c0e"", ""label"": ""View in the AllMaps viewer""}","{""href"": ""https://viewer.slv.vic.gov.au/?entity=IE7035695&file=FL21355713&mode=browse"", ""label"": ""View in the SLV viewer""}"
"{""img_src"": ""https://rosetta.slv.vic.gov.au/iiif/2/IE7025689:FL21349035.jpg/full/!100,100/0/default.jpg""}","Township of Lal Lal, Parish of Clarendon, County of Grant",Map 1,2025-10-30T10:03:49.570Z,"{""href"": ""https://viewer.allmaps.org/?url=https://annotations.allmaps.org/maps/2fdb2c57a5c7a692"", ""label"": ""View in the AllMaps viewer""}","{""href"": ""https://viewer.slv.vic.gov.au/?entity=IE7025689&file=FL21349035&mode=browse"", ""label"": ""View in the SLV viewer""}"
"{""img_src"": ""https://rosetta.slv.vic.gov.au/iiif/2/IE9655452:FL20704874.jpg/full/!100,100/0/default.jpg""}","Parish of Lal Lal, County of Grant",Map 1,2025-10-30T09:59:18.057Z,"{""href"": ""https://viewer.allmaps.org/?url=https://annotations.allmaps.org/maps/e778c92a03148ee3"", ""label"": ""View in the AllMaps viewer""}","{""href"": ""https://viewer.slv.vic.gov.au/?entity=IE9655452&file=FL20704874&mode=browse"", ""label"": ""View in the SLV viewer""}"
"{""img_src"": ""https://rosetta.slv.vic.gov.au/iiif/2/IE7047582:FL21359068.jpg/full/!100,100/0/default.jpg""}","Township of Lal Lal, Parish of Clarendon, County of Grant",Map 1,2025-10-30T09:37:09.800Z,"{""href"": ""https://viewer.allmaps.org/?url=https://annotations.allmaps.org/maps/ac583155e10de728"", ""label"": ""View in the AllMaps viewer""}","{""href"": ""https://viewer.slv.vic.gov.au/?entity=IE7047582&file=FL21359068&mode=browse"", ""label"": ""View in the SLV viewer""}"
"{""img_src"": ""https://rosetta.slv.vic.gov.au/iiif/2/IE7448217:FL19260105.tif/full/!100,100/0/default.jpg""}",1912 Moultons directory of streets for Melbourne and suburbs Moulton's directory of streets for Melbourne and suburbs.,Map North Fitzroy,2025-10-30T03:54:07.552Z,"{""href"": ""https://viewer.allmaps.org/?url=https://annotations.allmaps.org/maps/0da1d70bb393f873"", ""label"": ""View in the AllMaps viewer""}","{""href"": ""https://viewer.slv.vic.gov.au/?entity=IE7448217&file=FL19260105&mode=browse"", ""label"": ""View in the SLV viewer""}"
"{""img_src"": ""https://rosetta.slv.vic.gov.au/iiif/2/IE7002038:FL21479965.jpg/full/!100,100/0/default.jpg""}","Victoria, Sorrento",Map 1,2025-10-29T06:32:20.652Z,"{""href"": ""https://viewer.allmaps.org/?url=https://annotations.allmaps.org/maps/50a17204de3275b8"", ""label"": ""View in the AllMaps viewer""}","{""href"": ""https://viewer.slv.vic.gov.au/?entity=IE7002038&file=FL21479965&mode=browse"", ""label"": ""View in the SLV viewer""}"
"{""img_src"": ""https://rosetta.slv.vic.gov.au/iiif/2/IE9533457:FL21666751.jpg/full/!100,100/0/default.jpg""}",Melbourne and its suburbs,Map 1,2025-10-29T01:23:51.859Z,"{""href"": ""https://viewer.allmaps.org/?url=https://annotations.allmaps.org/maps/68a8e54977c32f4d"", ""label"": ""View in the AllMaps viewer""}","{""href"": ""https://viewer.slv.vic.gov.au/?entity=IE9533457&file=FL21666751&mode=browse"", ""label"": ""View in the SLV viewer""}"
"{""img_src"": ""https://rosetta.slv.vic.gov.au/iiif/2/IE15485265:FL21305040.jpg/full/!100,100/0/default.jpg""}","H.G. de Gruchy & Co.'s parish map Colonial Map Dep√¥t, 21 Elizabeth St., Melbourne.",Map 1,2025-10-27T23:35:36.492Z,"{""href"": ""https://viewer.allmaps.org/?url=https://annotations.allmaps.org/maps/956a99edef0ded0e"", ""label"": ""View in the AllMaps viewer""}","{""href"": ""https://viewer.slv.vic.gov.au/?entity=IE15485265&file=FL21305040&mode=browse"", ""label"": ""View in the SLV viewer""}"
"{""img_src"": ""https://rosetta.slv.vic.gov.au/iiif/2/IE7448217:FL19260199.tif/full/!100,100/0/default.jpg""}",1912 Moultons directory of streets for Melbourne and suburbs Moulton's directory of streets for Melbourne and suburbs.,Map Caulfield,2025-10-26T00:18:55.260Z,"{""href"": ""https://viewer.allmaps.org/?url=https://annotations.allmaps.org/maps/4a2b9f29f08c9b1a"", ""label"": ""View in the AllMaps viewer""}","{""href"": ""https://viewer.slv.vic.gov.au/?entity=IE7448217&file=FL19260199&mode=browse"", ""label"": ""View in the SLV viewer""}"
"{""img_src"": ""https://rosetta.slv.vic.gov.au/iiif/2/IE7448217:FL19260194.tif/full/!100,100/0/default.jpg""}",1912 Moultons directory of streets for Melbourne and suburbs Moulton's directory of streets for Melbourne and suburbs.,Map Carlton and Parkville,2025-10-11T05:47:44.079Z,"{""href"": ""https://viewer.allmaps.org/?url=https://annotations.allmaps.org/maps/4ba67612e393b648"", ""label"": ""View in the AllMaps viewer""}","{""href"": ""https://viewer.slv.vic.gov.au/?entity=IE7448217&file=FL19260194&mode=browse"", ""label"": ""View in the SLV viewer""}"
"{""img_src"": ""https://rosetta.slv.vic.gov.au/iiif/2/IE7448217:FL19260187.tif/full/!100,100/0/default.jpg""}",1912 Moultons directory of streets for Melbourne and suburbs Moulton's directory of streets for Melbourne and suburbs.,Map Camberwell and Canterbury,2025-10-11T05:38:33.722Z,"{""href"": ""https://viewer.allmaps.org/?url=https://annotations.allmaps.org/maps/15df0462486146fb"", ""label"": ""View in the AllMaps viewer""}","{""href"": ""https://viewer.slv.vic.gov.au/?entity=IE7448217&file=FL19260187&mode=browse"", ""label"": ""View in the SLV viewer""}"
"{""img_src"": ""https://rosetta.slv.vic.gov.au/iiif/2/IE7448217:FL19260176.tif/full/!100,100/0/default.jpg""}",1912 Moultons directory of streets for Melbourne and suburbs Moulton's directory of streets for Melbourne and suburbs.,Map City of Brunswick,2025-10-11T05:19:05.314Z,"{""href"": ""https://viewer.allmaps.org/?url=https://annotations.allmaps.org/maps/2fa9806be7aefff7"", ""label"": ""View in the AllMaps viewer""}","{""href"": ""https://viewer.slv.vic.gov.au/?entity=IE7448217&file=FL19260176&mode=browse"", ""label"": ""View in the SLV viewer""}"
"{""img_src"": ""https://rosetta.slv.vic.gov.au/iiif/2/IE7448217:FL19260171.tif/full/!100,100/0/default.jpg""}",1912 Moultons directory of streets for Melbourne and suburbs Moulton's directory of streets for Melbourne and suburbs.,Map Brighton,2025-10-11T05:11:54.608Z,"{""href"": ""https://viewer.allmaps.org/?url=https://annotations.allmaps.org/maps/757b663acf2ff947"", ""label"": ""View in the AllMaps viewer""}","{""href"": ""https://viewer.slv.vic.gov.au/?entity=IE7448217&file=FL19260171&mode=browse"", ""label"": ""View in the SLV viewer""}"
"{""img_src"": ""https://rosetta.slv.vic.gov.au/iiif/2/IE7448217:FL19260166.tif/full/!100,100/0/default.jpg""}",1912 Moultons directory of streets for Melbourne and suburbs Moulton's directory of streets for Melbourne and suburbs.,Map Box Hill,2025-10-11T04:28:52.281Z,"{""href"": ""https://viewer.allmaps.org/?url=https://annotations.allmaps.org/maps/d297f531b7974c5d"", ""label"": ""View in the AllMaps viewer""}","{""href"": ""https://viewer.slv.vic.gov.au/?entity=IE7448217&file=FL19260166&mode=browse"", ""label"": ""View in the SLV viewer""}"
"{""img_src"": ""https://rosetta.slv.vic.gov.au/iiif/2/IE8819084:FL21662255.jpg/full/!100,100/0/default.jpg""}",City of South Melbourne and section of Port Melbourne detail-fire-survey,Map 2,2025-10-08T12:11:16.504Z,"{""href"": ""https://viewer.allmaps.org/?url=https://annotations.allmaps.org/maps/8bf6287702c1e7a4"", ""label"": ""View in the AllMaps viewer""}","{""href"": ""https://viewer.slv.vic.gov.au/?entity=IE8819084&file=FL21662255&mode=browse"", ""label"": ""View in the SLV viewer""}"
"{""img_src"": ""https://rosetta.slv.vic.gov.au/iiif/2/IE8819297:FL21649340.jpg/full/!100,100/0/default.jpg""}",City of Melbourne plans. Section 2,Map 6a,2025-09-25T02:30:37.884Z,"{""href"": ""https://viewer.allmaps.org/?url=https://annotations.allmaps.org/maps/54ca180139601417"", ""label"": ""View in the AllMaps viewer""}","{""href"": ""https://viewer.slv.vic.gov.au/?entity=IE8819297&file=FL21649340&mode=browse"", ""label"": ""View in the SLV viewer""}"
"{""img_src"": ""https://rosetta.slv.vic.gov.au/iiif/2/IE8819297:FL21649329.jpg/full/!100,100/0/default.jpg""}",City of Melbourne plans. Section 2,Map 5a,2025-09-25T02:10:11.790Z,"{""href"": ""https://viewer.allmaps.org/?url=https://annotations.allmaps.org/maps/35c7aa4d40f8f9c4"", ""label"": ""View in the AllMaps viewer""}","{""href"": ""https://viewer.slv.vic.gov.au/?entity=IE8819297&file=FL21649329&mode=browse"", ""label"": ""View in the SLV viewer""}"
"{""img_src"": ""https://rosetta.slv.vic.gov.au/iiif/2/IE8819297:FL21649331.jpg/full/!100,100/0/default.jpg""}",City of Melbourne plans. Section 2,Map 4a,2025-09-25T02:05:29.255Z,"{""href"": ""https://viewer.allmaps.org/?url=https://annotations.allmaps.org/maps/22279d9f1401cb7d"", ""label"": ""View in the AllMaps viewer""}","{""href"": ""https://viewer.slv.vic.gov.au/?entity=IE8819297&file=FL21649331&mode=browse"", ""label"": ""View in the SLV viewer""}"
"{""img_src"": ""https://rosetta.slv.vic.gov.au/iiif/2/IE8819297:FL21649338.jpg/full/!100,100/0/default.jpg""}",City of Melbourne plans. Section 2,Map 3a,2025-09-25T02:01:51.461Z,"{""href"": ""https://viewer.allmaps.org/?url=https://annotations.allmaps.org/maps/ada959026eda0121"", ""label"": ""View in the AllMaps viewer""}","{""href"": ""https://viewer.slv.vic.gov.au/?entity=IE8819297&file=FL21649338&mode=browse"", ""label"": ""View in the SLV viewer""}"
"{""img_src"": ""https://rosetta.slv.vic.gov.au/iiif/2/IE8819297:FL21649343.jpg/full/!100,100/0/default.jpg""}",City of Melbourne plans. Section 2,Map 2a,2025-09-25T00:46:39.760Z,"{""href"": ""https://viewer.allmaps.org/?url=https://annotations.allmaps.org/maps/6cff7af9bca2d946"", ""label"": ""View in the AllMaps viewer""}","{""href"": ""https://viewer.slv.vic.gov.au/?entity=IE8819297&file=FL21649343&mode=browse"", ""label"": ""View in the SLV viewer""}"
"{""img_src"": ""https://rosetta.slv.vic.gov.au/iiif/2/IE8819297:FL21649335.jpg/full/!100,100/0/default.jpg""}",City of Melbourne plans. Section 2,Map 1a,2025-09-25T00:40:19.625Z,"{""href"": ""https://viewer.allmaps.org/?url=https://annotations.allmaps.org/maps/d75f673230537db0"", ""label"": ""View in the AllMaps viewer""}","{""href"": ""https://viewer.slv.vic.gov.au/?entity=IE8819297&file=FL21649335&mode=browse"", ""label"": ""View in the SLV viewer""}"
"{""img_src"": ""https://rosetta.slv.vic.gov.au/iiif/2/IE8819084:FL21662239.jpg/full/!100,100/0/default.jpg""}",City of South Melbourne and section of Port Melbourne detail-fire-survey,Map 6,2025-09-24T02:03:17.734Z,"{""href"": ""https://viewer.allmaps.org/?url=https://annotations.allmaps.org/maps/bb7c5b223eb68e84"", ""label"": ""View in the AllMaps viewer""}","{""href"": ""https://viewer.slv.vic.gov.au/?entity=IE8819084&file=FL21662239&mode=browse"", ""label"": ""View in the SLV viewer""}"
"{""img_src"": ""https://rosetta.slv.vic.gov.au/iiif/2/IE8819655:FL21649833.jpg/full/!100,100/0/default.jpg""}",[City of Melbourne plans. Section 2],Map 25a,2025-09-09T04:20:15.930Z,"{""href"": ""https://viewer.allmaps.org/?url=https://annotations.allmaps.org/maps/6ed16aed78e0b230"", ""label"": ""View in the AllMaps viewer""}","{""href"": ""https://viewer.slv.vic.gov.au/?entity=IE8819655&file=FL21649833&mode=browse"", ""label"": ""View in the SLV viewer""}"
"{""img_src"": ""https://rosetta.slv.vic.gov.au/iiif/2/IE8819655:FL21649846.jpg/full/!100,100/0/default.jpg""}",[City of Melbourne plans. Section 2],Map 24a,2025-09-09T04:10:48.700Z,"{""href"": ""https://viewer.allmaps.org/?url=https://annotations.allmaps.org/maps/9940782a9256a7e4"", ""label"": ""View in the AllMaps viewer""}","{""href"": ""https://viewer.slv.vic.gov.au/?entity=IE8819655&file=FL21649846&mode=browse"", ""label"": ""View in the SLV viewer""}"
"{""img_src"": ""https://rosetta.slv.vic.gov.au/iiif/2/IE8819655:FL21649842.jpg/full/!100,100/0/default.jpg""}",[City of Melbourne plans. Section 2],Map 23a,2025-09-09T04:03:41.305Z,"{""href"": ""https://viewer.allmaps.org/?url=https://annotations.allmaps.org/maps/5870677c69968a5a"", ""label"": ""View in the AllMaps viewer""}","{""href"": ""https://viewer.slv.vic.gov.au/?entity=IE8819655&file=FL21649842&mode=browse"", ""label"": ""View in the SLV viewer""}"
"{""img_src"": ""https://rosetta.slv.vic.gov.au/iiif/2/IE8819655:FL21649858.jpg/full/!100,100/0/default.jpg""}",[City of Melbourne plans. Section 2],Map 22a,2025-09-09T03:52:11.534Z,"{""href"": ""https://viewer.allmaps.org/?url=https://annotations.allmaps.org/maps/bad2185952aebae8"", ""label"": ""View in the AllMaps viewer""}","{""href"": ""https://viewer.slv.vic.gov.au/?entity=IE8819655&file=FL21649858&mode=browse"", ""label"": ""View in the SLV viewer""}"
"{""img_src"": ""https://rosetta.slv.vic.gov.au/iiif/2/IE8819655:FL21649849.jpg/full/!100,100/0/default.jpg""}",[City of Melbourne plans. Section 2],Map 21a,2025-09-09T03:40:58.965Z,"{""href"": ""https://viewer.allmaps.org/?url=https://annotations.allmaps.org/maps/a9101c46eda4a5d4"", ""label"": ""View in the AllMaps viewer""}","{""href"": ""https://viewer.slv.vic.gov.au/?entity=IE8819655&file=FL21649849&mode=browse"", ""label"": ""View in the SLV viewer""}"
"{""img_src"": ""https://rosetta.slv.vic.gov.au/iiif/2/IE8819655:FL21649837.jpg/full/!100,100/0/default.jpg""}",[City of Melbourne plans. Section 2],Map 20a,2025-09-09T03:31:56.645Z,"{""href"": ""https://viewer.allmaps.org/?url=https://annotations.allmaps.org/maps/69a2cd37a29104fb"", ""label"": ""View in the AllMaps viewer""}","{""href"": ""https://viewer.slv.vic.gov.au/?entity=IE8819655&file=FL21649837&mode=browse"", ""label"": ""View in the SLV viewer""}"
"{""img_src"": ""https://rosetta.slv.vic.gov.au/iiif/2/IE8819655:FL21649831.jpg/full/!100,100/0/default.jpg""}",[City of Melbourne plans. Section 2],Map 19a,2025-09-09T03:26:41.149Z,"{""href"": ""https://viewer.allmaps.org/?url=https://annotations.allmaps.org/maps/e5d8bba5971e18f8"", ""label"": ""View in the AllMaps viewer""}","{""href"": ""https://viewer.slv.vic.gov.au/?entity=IE8819655&file=FL21649831&mode=browse"", ""label"": ""View in the SLV viewer""}"
"{""img_src"": ""https://rosetta.slv.vic.gov.au/iiif/2/IE8819655:FL21649841.jpg/full/!100,100/0/default.jpg""}",[City of Melbourne plans. Section 2],Map 18a,2025-09-09T03:16:09.350Z,"{""href"": ""https://viewer.allmaps.org/?url=https://annotations.allmaps.org/maps/44baacd22745bf2a"", ""label"": ""View in the AllMaps viewer""}","{""href"": ""https://viewer.slv.vic.gov.au/?entity=IE8819655&file=FL21649841&mode=browse"", ""label"": ""View in the SLV viewer""}"
"{""img_src"": ""https://rosetta.slv.vic.gov.au/iiif/2/IE8819655:FL21649857.jpg/full/!100,100/0/default.jpg""}",[City of Melbourne plans. Section 2],Map 17a,2025-09-09T03:02:09.803Z,"{""href"": ""https://viewer.allmaps.org/?url=https://annotations.allmaps.org/maps/86ee96e4f23eaecb"", ""label"": ""View in the AllMaps viewer""}","{""href"": ""https://viewer.slv.vic.gov.au/?entity=IE8819655&file=FL21649857&mode=browse"", ""label"": ""View in the SLV viewer""}"
"{""img_src"": ""https://rosetta.slv.vic.gov.au/iiif/2/IE8819655:FL21649839.jpg/full/!100,100/0/default.jpg""}",[City of Melbourne plans. Section 2],Map 16a,2025-09-09T02:49:18.625Z,"{""href"": ""https://viewer.allmaps.org/?url=https://annotations.allmaps.org/maps/91a64a2af39f2206"", ""label"": ""View in the AllMaps viewer""}","{""href"": ""https://viewer.slv.vic.gov.au/?entity=IE8819655&file=FL21649839&mode=browse"", ""label"": ""View in the SLV viewer""}"
"{""img_src"": ""https://rosetta.slv.vic.gov.au/iiif/2/IE8819655:FL21649832.jpg/full/!100,100/0/default.jpg""}",[City of Melbourne plans. Section 2],Map 15a,2025-09-09T02:34:46.165Z,"{""href"": ""https://viewer.allmaps.org/?url=https://annotations.allmaps.org/maps/9b203748ead01f5c"", ""label"": ""View in the AllMaps viewer""}","{""href"": ""https://viewer.slv.vic.gov.au/?entity=IE8819655&file=FL21649832&mode=browse"", ""label"": ""View in the SLV viewer""}"
"{""img_src"": ""https://rosetta.slv.vic.gov.au/iiif/2/IE8819655:FL21649861.jpg/full/!100,100/0/default.jpg""}",[City of Melbourne plans. Section 2],Map 14a,2025-09-09T01:34:25.348Z,"{""href"": ""https://viewer.allmaps.org/?url=https://annotations.allmaps.org/maps/86110cd0d9a7d5ec"", ""label"": ""View in the AllMaps viewer""}","{""href"": ""https://viewer.slv.vic.gov.au/?entity=IE8819655&file=FL21649861&mode=browse"", ""label"": ""View in the SLV viewer""}"
"{""img_src"": ""https://rosetta.slv.vic.gov.au/iiif/2/IE8819655:FL21649862.jpg/full/!100,100/0/default.jpg""}",[City of Melbourne plans. Section 2],Map 13a,2025-09-09T01:23:37.566Z,"{""href"": ""https://viewer.allmaps.org/?url=https://annotations.allmaps.org/maps/1534d393f7f03d2e"", ""label"": ""View in the AllMaps viewer""}","{""href"": ""https://viewer.slv.vic.gov.au/?entity=IE8819655&file=FL21649862&mode=browse"", ""label"": ""View in the SLV viewer""}"
"{""img_src"": ""https://rosetta.slv.vic.gov.au/iiif/2/IE8819655:FL21649830.jpg/full/!100,100/0/default.jpg""}",[City of Melbourne plans. Section 2],Map 12a,2025-09-09T01:08:17.231Z,"{""href"": ""https://viewer.allmaps.org/?url=https://annotations.allmaps.org/maps/984c6d8eeaabfabf"", ""label"": ""View in the AllMaps viewer""}","{""href"": ""https://viewer.slv.vic.gov.au/?entity=IE8819655&file=FL21649830&mode=browse"", ""label"": ""View in the SLV viewer""}"
"{""img_src"": ""https://rosetta.slv.vic.gov.au/iiif/2/IE8819655:FL21649860.jpg/full/!100,100/0/default.jpg""}",[City of Melbourne plans. Section 2],Map 11a,2025-09-09T00:49:49.417Z,"{""href"": ""https://viewer.allmaps.org/?url=https://annotations.allmaps.org/maps/8d8b4870eb436f71"", ""label"": ""View in the AllMaps viewer""}","{""href"": ""https://viewer.slv.vic.gov.au/?entity=IE8819655&file=FL21649860&mode=browse"", ""label"": ""View in the SLV viewer""}"
"{""img_src"": ""https://rosetta.slv.vic.gov.au/iiif/2/IE8819655:FL21649859.jpg/full/!100,100/0/default.jpg""}",[City of Melbourne plans. Section 2],Map 10a,2025-09-09T00:34:02.767Z,"{""href"": ""https://viewer.allmaps.org/?url=https://annotations.allmaps.org/maps/c77a250bc39444cb"", ""label"": ""View in the AllMaps viewer""}","{""href"": ""https://viewer.slv.vic.gov.au/?entity=IE8819655&file=FL21649859&mode=browse"", ""label"": ""View in the SLV viewer""}"
"{""img_src"": ""https://rosetta.slv.vic.gov.au/iiif/2/IE8819655:FL21649840.jpg/full/!100,100/0/default.jpg""}",[City of Melbourne plans. Section 2],Map 9a,2025-09-08T07:35:05.132Z,"{""href"": ""https://viewer.allmaps.org/?url=https://annotations.allmaps.org/maps/93d0a0b9c1a389c8"", ""label"": ""View in the AllMaps viewer""}","{""href"": ""https://viewer.slv.vic.gov.au/?entity=IE8819655&file=FL21649840&mode=browse"", ""label"": ""View in the SLV viewer""}"
"{""img_src"": ""https://rosetta.slv.vic.gov.au/iiif/2/IE8819655:FL21649855.jpg/full/!100,100/0/default.jpg""}",[City of Melbourne plans. Section 2],Map 8a,2025-09-08T07:21:52.930Z,"{""href"": ""https://viewer.allmaps.org/?url=https://annotations.allmaps.org/maps/bf2f10cd464b0726"", ""label"": ""View in the AllMaps viewer""}","{""href"": ""https://viewer.slv.vic.gov.au/?entity=IE8819655&file=FL21649855&mode=browse"", ""label"": ""View in the SLV viewer""}"
"{""img_src"": ""https://rosetta.slv.vic.gov.au/iiif/2/IE8819655:FL21649853.jpg/full/!100,100/0/default.jpg""}",[City of Melbourne plans. Section 2],Map 7a,2025-09-08T06:01:31.398Z,"{""href"": ""https://viewer.allmaps.org/?url=https://annotations.allmaps.org/maps/dd9b2f1bb91bf221"", ""label"": ""View in the AllMaps viewer""}","{""href"": ""https://viewer.slv.vic.gov.au/?entity=IE8819655&file=FL21649853&mode=browse"", ""label"": ""View in the SLV viewer""}"
"{""img_src"": ""https://rosetta.slv.vic.gov.au/iiif/2/IE8819655:FL21649848.jpg/full/!100,100/0/default.jpg""}",[City of Melbourne plans. Section 2],Map 3a,2025-09-08T05:16:36.865Z,"{""href"": ""https://viewer.allmaps.org/?url=https://annotations.allmaps.org/maps/c654df49197d8d0e"", ""label"": ""View in the AllMaps viewer""}","{""href"": ""https://viewer.slv.vic.gov.au/?entity=IE8819655&file=FL21649848&mode=browse"", ""label"": ""View in the SLV viewer""}"
"{""img_src"": ""https://rosetta.slv.vic.gov.au/iiif/2/IE8819655:FL21649838.jpg/full/!100,100/0/default.jpg""}",[City of Melbourne plans. Section 2],Map 6a,2025-09-08T05:03:22.534Z,"{""href"": ""https://viewer.allmaps.org/?url=https://annotations.allmaps.org/maps/7e58c955a792b544"", ""label"": ""View in the AllMaps viewer""}","{""href"": ""https://viewer.slv.vic.gov.au/?entity=IE8819655&file=FL21649838&mode=browse"", ""label"": ""View in the SLV viewer""}"
"{""img_src"": ""https://rosetta.slv.vic.gov.au/iiif/2/IE8819655:FL21649843.jpg/full/!100,100/0/default.jpg""}",[City of Melbourne plans. Section 2],Map 2a,2025-09-08T04:53:39.043Z,"{""href"": ""https://viewer.allmaps.org/?url=https://annotations.allmaps.org/maps/918a2e4711ca8e88"", ""label"": ""View in the AllMaps viewer""}","{""href"": ""https://viewer.slv.vic.gov.au/?entity=IE8819655&file=FL21649843&mode=browse"", ""label"": ""View in the SLV viewer""}"
"{""img_src"": ""https://rosetta.slv.vic.gov.au/iiif/2/IE8819655:FL21649834.jpg/full/!100,100/0/default.jpg""}",[City of Melbourne plans. Section 2],Map 4a,2025-09-08T04:40:12.005Z,"{""href"": ""https://viewer.allmaps.org/?url=https://annotations.allmaps.org/maps/184d6a18a655066c"", ""label"": ""View in the AllMaps viewer""}","{""href"": ""https://viewer.slv.vic.gov.au/?entity=IE8819655&file=FL21649834&mode=browse"", ""label"": ""View in the SLV viewer""}"
"{""img_src"": ""https://rosetta.slv.vic.gov.au/iiif/2/IE8819655:FL21649835.jpg/full/!100,100/0/default.jpg""}",[City of Melbourne plans. Section 2],Map 1a,2025-09-08T04:37:16.785Z,"{""href"": ""https://viewer.allmaps.org/?url=https://annotations.allmaps.org/maps/2987e0ba0db2b7be"", ""label"": ""View in the AllMaps viewer""}","{""href"": ""https://viewer.slv.vic.gov.au/?entity=IE8819655&file=FL21649835&mode=browse"", ""label"": ""View in the SLV viewer""}"
"{""img_src"": ""https://rosetta.slv.vic.gov.au/iiif/2/IE8819655:FL21649850.jpg/full/!100,100/0/default.jpg""}",[City of Melbourne plans. Section 2],Map 5a,2025-09-08T03:43:07.083Z,"{""href"": ""https://viewer.allmaps.org/?url=https://annotations.allmaps.org/maps/dd4105ad64cf6d39"", ""label"": ""View in the AllMaps viewer""}","{""href"": ""https://viewer.slv.vic.gov.au/?entity=IE8819655&file=FL21649850&mode=browse"", ""label"": ""View in the SLV viewer""}"
